{"cameraMode":{"drawMode":0,"name":"Shaded","section":"Shading Mode"},"sceneLighting":true,"audioPlay":false,"sceneViewState":{"m_AlwaysRefresh":false,"showFog":true,"showSkybox":true,"showFlares":true,"showImageEffects":true,"showParticleSystems":true,"showVisualEffectGraphs":true,"m_FxEnabled":true},"in2DMode":false,"pivot":{"x":1.6950616836547852,"y":2.4908127784729006,"z":-0.28664910793304446},"rotation":{"x":0.03559832647442818,"y":-0.9470996856689453,"z":0.2982737123966217,"w":0.11304514855146408},"size":3.1107072830200197,"orthographic":true}